unicode,latex
003F5,"\epsilon"
00020,"\space"
00021,"!"
00022,""""
00023,"\#"
00024,"\textdollar"
00025,"\%"
00026,"\&"
00027,"\textquotesingle"
00028,"("
00029,")"
0002A,"\ast"
0002B,"+"
0002C,","
0002D,"-"
0002E,"."
0002F,"/"
00030,"0"
00031,"1"
00032,"2"
00033,"3"
00034,"4"
00035,"5"
00036,"6"
00037,"7"
00038,"8"
00039,"9"
0003A,":"
0003B,";"
0003C,"<"
0003D,"="
0003E,">"
0003F,"?"
00040,"@"
00041,"A"
00042,"B"
00043,"C"
00044,"D"
00045,"E"
00046,"F"
00047,"G"
00048,"H"
00049,"I"
0004A,"J"
0004B,"K"
0004C,"L"
0004D,"M"
0004E,"N"
0004F,"O"
00050,"P"
00051,"Q"
00052,"R"
00053,"S"
00054,"T"
00055,"U"
00056,"V"
00057,"W"
00058,"X"
00059,"Y"
0005A,"Z"
0005B,"["
0005C,"\textbackslash"
0005D,"]"
0005E,"\^{}"
0005F,"\_"
00060,"\textasciigrave"
00061,"a"
00062,"b"
00063,"c"
00064,"d"
00065,"e"
00066,"f"
00067,"g"
00068,"h"
00069,"i"
0006A,"j"
0006B,"k"
0006C,"l"
0006D,"m"
0006E,"n"
0006F,"o"
00070,"p"
00071,"q"
00072,"r"
00073,"s"
00074,"t"
00075,"u"
00076,"v"
00077,"w"
00078,"x"
00079,"y"
0007A,"z"
0007B,"\lbrace"
0007C,"\vert"
0007D,"\rbrace"
0007E,"\textasciitilde"
000A0,"~"
000A1,"\textexclamdown"
000A2,"\textcent"
000A3,"\textsterling"
000A4,"\textcurrency"
000A5,"\textyen"
000A6,"\textbrokenbar"
000A7,"\textsection"
000A8,"\textasciidieresis"
000A9,"\textcopyright"
000AA,"\textordfeminine"
000AB,"\guillemotleft"
000AC,"\lnot"
000AD,"\-"
000AE,"\textregistered"
000AF,"\textasciimacron"
000B0,"\textdegree"
000B1,"\pm"
000B2,"{^2}"
000B3,"{^3}"
000B4,"\textasciiacute"
000B5,"\mathrm{\mu}"
000B6,"\textparagraph"
000B7,"\cdot"
000B8,"\c{}"
000B9,"{^1}"
000BA,"\textordmasculine"
000BB,"\guillemotright"
000BC,"\textonequarter"
000BD,"\tfrac{1}{2}"
000BE,"\textthreequarters"
000BF,"\textquestiondown"
000C0,"\`{A}"
000C1,"\'{A}"
000C2,\hat{A}
000C3,"\~{A}"
000C4,"\""{A}"
000C5,"\AA"
000C6,"\AE"
000C7,"\c{C}"
000C8,"\`{E}"
000C9,"\'{E}"
000CA,\hat{E}
000CB,"\""{E}"
000CC,"\`{I}"
000CD,"\'{I}"
000CE,\hat{I}
000CF,"\""{I}"
000D0,"\DH"
000D1,"\~{N}"
000D2,"\`{O}"
000D3,"\'{O}"
000D4,\hat{O}
000D5,"\~{O}"
000D6,"\""{O}"
000D7,"\times"
000D8,"\O"
000D9,"\`{U}"
000DA,"\'{U}"
000DB,\hat{U}
000DC,"\""{U}"
000DD,"\'{Y}"
000DE,"\TH"
000DF,"\ss"
000E0,"\`{a}"
000E1,"\'{a}"
000E2,\hat{a}
000E3,"\~{a}"
000E4,"\""{a}"
000E5,"\aa"
000E6,"\ae"
000E7,"\c{c}"
000E8,"\`{e}"
000E9,"{{e}}"
000EA,\hat{e}
000EB,"\""{e}"
000EC,"\`{\i}"
000ED,"\'{\i}"
000EE,"\^{\i}"
000EF,"\""{\i}"
000F0,"\dh"
000F1,"\~{n}"
000F2,"\`{o}"
000F3,"\'{o}"
000F4,\hat{o}
000F5,"\~{o}"
000F6,"\""{o}"
000F7,"\div"
000F8,"\o"
000F9,"\`{u}"
000FA,"\'{u}"
000FB,\hat{u}
000FC,"\""{u}"
000FD,"\'{y}"
000FE,"\th"
000FF,"\""{y}"
00100,"\={A}"
00101,"\={a}"
00102,"\u{A}"
00103,"\u{a}"
00104,"\k{A}"
00105,"\k{a}"
00106,"\'{C}"
00107,"\'{c}"
00108,\hat{C}
00109,\hat{c}
0010A,"\.{C}"
0010B,"\.{c}"
0010C,"\v{C}"
0010D,"\v{c}"
0010E,"\v{D}"
0010F,"\v{d}"
00110,"\DJ"
00111,"\dj"
00112,"\={E}"
00113,"\={e}"
00114,"\u{E}"
00115,"\u{e}"
00116,"\.{E}"
00117,"\.{e}"
00118,"\k{E}"
00119,"\k{e}"
0011A,"\v{E}"
0011B,"\v{e}"
0011C,\hat{G}
0011D,\hat{g}
0011E,"\u{G}"
0011F,"\u{g}"
00120,"\.{G}"
00121,"\.{g}"
00122,"\c{G}"
00123,"\c{g}"
00124,\hat{H}
00125,\hat{h}
00126,"{\fontencoding{LELA}\selectfont\char40}"
00127,"\hbar"
00128,"\~{I}"
00129,"\~{\i}"
0012A,"\={I}"
0012B,"\={\i}"
0012C,"\u{I}"
0012D,"\u{\i}"
0012E,"\k{I}"
0012F,"\k{i}"
00130,"\.{I}"
00131,"\i"
00132,"IJ"
00133,"ij"
00134,\hat{J}
00135,"\^{\j}"
00136,"\c{K}"
00137,"\c{k}"
00138,"{\fontencoding{LELA}\selectfont\char91}"
00139,"\'{L}"
0013A,"\'{l}"
0013B,"\c{L}"
0013C,"\c{l}"
0013D,"\v{L}"
0013E,"\v{l}"
0013F,"{\fontencoding{LELA}\selectfont\char201}"
00140,"{\fontencoding{LELA}\selectfont\char202}"
00141,"\L"
00142,"\l"
00143,"\'{N}"
00144,"\'{n}"
00145,"\c{N}"
00146,"\c{n}"
00147,"\v{N}"
00148,"\v{n}"
00149,"'n"
0014A,"\NG"
0014B,"\ng"
0014C,"\={O}"
0014D,"\={o}"
0014E,"\u{O}"
0014F,"\u{o}"
00150,"\H{O}"
00151,"\H{o}"
00152,"\OE"
00153,"\oe"
00154,"\'{R}"
00155,"\'{r}"
00156,"\c{R}"
00157,"\c{r}"
00158,"\v{R}"
00159,"\v{r}"
0015A,"\'{S}"
0015B,"\'{s}"
0015C,\hat{S}
0015D,\hat{s}
0015E,"\c{S}"
0015F,"\c{s}"
00160,"\v{S}"
00161,"\v{s}"
00162,"\c{T}"
00163,"\c{t}"
00164,"\v{T}"
00165,"\v{t}"
00166,"{\fontencoding{LELA}\selectfont\char47}"
00167,"{\fontencoding{LELA}\selectfont\char63}"
00168,"\~{U}"
00169,"\~{u}"
0016A,"\={U}"
0016B,"\={u}"
0016C,"\u{U}"
0016D,"\u{u}"
0016E,"\r{U}"
0016F,"\r{u}"
00170,"\H{U}"
00171,"\H{u}"
00172,"\k{U}"
00173,"\k{u}"
00174,\hat{W}
00175,\hat{w}
00176,\hat{Y}
00177,\hat{y}
00178,"\""{Y}"
00179,"\'{Z}"
0017A,"\'{z}"
0017B,"\.{Z}"
0017C,"\.{z}"
0017D,"\v{Z}"
0017E,"\v{z}"
00192,"f"
00195,"\texthvlig"
0019E,"\textnrleg"
001AA,"\eth"
001BA,"{\fontencoding{LELA}\selectfont\char195}"
001C2,"\textdoublepipe"
001F5,"\'{g}"
00250,"\Elztrna"
00252,"\Elztrnsa"
00254,"\Elzopeno"
00256,"\Elzrtld"
00258,"{\fontencoding{LEIP}\selectfont\char61}"
00259,"\Elzschwa"
0025B,"\varepsilon"
00261,"g"
00263,"\Elzpgamma"
00264,"\Elzpbgam"
00265,"\Elztrnh"
0026C,"\Elzbtdl"
0026D,"\Elzrtll"
0026F,"\Elztrnm"
00270,"\Elztrnmlr"
00271,"\Elzltlmr"
00272,"\Elzltln"
00273,"\Elzrtln"
00277,"\Elzclomeg"
00278,"\textphi"
00279,"\Elztrnr"
0027A,"\Elztrnrl"
0027B,"\Elzrttrnr"
0027C,"\Elzrl"
0027D,"\Elzrtlr"
0027E,"\Elzfhr"
0027F,"{\fontencoding{LEIP}\selectfont\char202}"
00282,"\Elzrtls"
00283,"\Elzesh"
00287,"\Elztrnt"
00288,"\Elzrtlt"
0028A,"\Elzpupsil"
0028B,"\Elzpscrv"
0028C,"\Elzinvv"
0028D,"\Elzinvw"
0028E,"\Elztrny"
00290,"\Elzrtlz"
00292,"\Elzyogh"
00294,"\Elzglst"
00295,"\Elzreglst"
00296,"\Elzinglst"
0029E,"\textturnk"
002A4,"\Elzdyogh"
002A7,"\Elztesh"
002BC,"'"
002C7,"\textasciicaron"
002C8,"\Elzverts"
002CC,"\Elzverti"
002D0,"\Elzlmrk"
002D1,"\Elzhlmrk"
002D2,"\Elzsbrhr"
002D3,"\Elzsblhr"
002D4,"\Elzrais"
002D5,"\Elzlow"
002D8,"\textasciibreve"
002D9,"\textperiodcentered"
002DA,"\r{}"
002DB,"\k{}"
002DC,"\texttildelow"
002DD,"\H{}"
002E5,"\tone{55}"
002E6,"\tone{44}"
002E7,"\tone{33}"
002E8,"\tone{22}"
002E9,"\tone{11}"
00300,"\`"
00301,"\'"
00302,"\^"
00303,"\~"
00304,"\="
00306,"\u"
00307,"\."
00308,"\"""
0030A,"\r"
0030B,"\H"
0030C,"\v"
0030F,"\cyrchar\C"
00311,"{\fontencoding{LECO}\selectfont\char177}"
00318,"{\fontencoding{LECO}\selectfont\char184}"
00319,"{\fontencoding{LECO}\selectfont\char185}"
00321,"\Elzpalh"
00322,"\Elzrh"
00327,"\c"
00328,"\k"
0032A,"\Elzsbbrg"
0032B,"{\fontencoding{LECO}\selectfont\char203}"
0032F,"{\fontencoding{LECO}\selectfont\char207}"
00335,"\Elzxl"
00336,"\Elzbar"
00337,"{\fontencoding{LECO}\selectfont\char215}"
00338,"{\fontencoding{LECO}\selectfont\char216}"
0033A,"{\fontencoding{LECO}\selectfont\char218}"
0033B,"{\fontencoding{LECO}\selectfont\char219}"
0033C,"{\fontencoding{LECO}\selectfont\char220}"
0033D,"{\fontencoding{LECO}\selectfont\char221}"
00361,"{\fontencoding{LECO}\selectfont\char225}"
00386,"\'{A}"
00388,"\'{E}"
00389,"\'{H}"
0038A,"\'{}{I}"
0038C,"\'{}O"
0038E,"\mathrm{'Y}"
0038F,"\mathrm{'\Omega}"
00390,"\acute{\ddot{\iota}}"
00391,"\Alpha"
00392,"\Beta"
00393,"\Gamma"
00394,"\Delta"
00395,"\Epsilon"
00396,"\Zeta"
00397,"\Eta"
00398,"\Theta"
00399,"\Iota"
0039A,"\Kappa"
0039B,"\Lambda"
0039C,"M"
0039D,"N"
0039E,"\Xi"
0039F,"O"
003A0,"\Pi"
003A1,"\Rho"
003A3,"\Sigma"
003A4,"\Tau"
003A5,"\Upsilon"
003A6,"\Phi"
003A7,"\Chi"
003A8,"\Psi"
003A9,"\Omega"
003AA,"\mathrm{\ddot{I}}"
003AB,"\mathrm{\ddot{Y}}"
003AC,"\'{$\alpha$}"
003AD,"\acute{\epsilon}"
003AE,"\acute{\eta}"
003AF,"\acute{\iota}"
003B0,"\acute{\ddot{\upsilon}}"
003B1,"\alpha"
003B2,"\beta"
003B3,"\gamma"
003B4,"\delta"
003B5,"\epsilon"
003B6,"\zeta"
003B7,"\eta"
003B8,"\theta"
003B9,"\iota"
003BA,"\kappa"
003BB,"\lambda"
003BC,"\mu"
003BD,"\nu"
003BE,"\xi"
003BF,"o"
003C0,"\pi"
003C1,"\rho"
003C2,"\varsigma"
003C3,"\sigma"
003C4,"\tau"
003C5,"\upsilon"
003C6,"\varphi"
003C7,"\chi"
003C8,"\psi"
003C9,"\omega"
003CA,"\ddot{\iota}"
003CB,"\ddot{\upsilon}"
003CC,"\'{o}"
003CD,"\acute{\upsilon}"
003CE,"\acute{\omega}"
003D0,"\Pisymbol{ppi022}{87}"
003D1,"\textvartheta"
003D2,"\Upsilon"
003D5,"\phi"
003D6,"\varpi"
003DA,"\Stigma"
003DC,"\Digamma"
003DD,"\digamma"
003DE,"\Koppa"
003E0,"\Sampi"
003F0,"\varkappa"
003F1,"\varrho"
003F4,"\textTheta"
003F6,"\backepsilon"
00401,"\cyrchar\CYRYO"
00402,"\cyrchar\CYRDJE"
00403,"\cyrchar{\'\CYRG}"
00404,"\cyrchar\CYRIE"
00405,"\cyrchar\CYRDZE"
00406,"\cyrchar\CYRII"
00407,"\cyrchar\CYRYI"
00408,"\cyrchar\CYRJE"
00409,"\cyrchar\CYRLJE"
0040A,"\cyrchar\CYRNJE"
0040B,"\cyrchar\CYRTSHE"
0040C,"\cyrchar{\'\CYRK}"
0040E,"\cyrchar\CYRUSHRT"
0040F,"\cyrchar\CYRDZHE"
00410,"\cyrchar\CYRA"
00411,"\cyrchar\CYRB"
00412,"\cyrchar\CYRV"
00413,"\cyrchar\CYRG"
00414,"\cyrchar\CYRD"
00415,"\cyrchar\CYRE"
00416,"\cyrchar\CYRZH"
00417,"\cyrchar\CYRZ"
00418,"\cyrchar\CYRI"
00419,"\cyrchar\CYRISHRT"
0041A,"\cyrchar\CYRK"
0041B,"\cyrchar\CYRL"
0041C,"\cyrchar\CYRM"
0041D,"\cyrchar\CYRN"
0041E,"\cyrchar\CYRO"
0041F,"\cyrchar\CYRP"
00420,"\cyrchar\CYRR"
00421,"\cyrchar\CYRS"
00422,"\cyrchar\CYRT"
00423,"\cyrchar\CYRU"
00424,"\cyrchar\CYRF"
00425,"\cyrchar\CYRH"
00426,"\cyrchar\CYRC"
00427,"\cyrchar\CYRCH"
00428,"\cyrchar\CYRSH"
00429,"\cyrchar\CYRSHCH"
0042A,"\cyrchar\CYRHRDSN"
0042B,"\cyrchar\CYRERY"
0042C,"\cyrchar\CYRSFTSN"
0042D,"\cyrchar\CYREREV"
0042E,"\cyrchar\CYRYU"
0042F,"\cyrchar\CYRYA"
00430,"\cyrchar\cyra"
00431,"\cyrchar\cyrb"
00432,"\cyrchar\cyrv"
00433,"\cyrchar\cyrg"
00434,"\cyrchar\cyrd"
00435,"\cyrchar\cyre"
00436,"\cyrchar\cyrzh"
00437,"\cyrchar\cyrz"
00438,"\cyrchar\cyri"
00439,"\cyrchar\cyrishrt"
0043A,"\cyrchar\cyrk"
0043B,"\cyrchar\cyrl"
0043C,"\cyrchar\cyrm"
0043D,"\cyrchar\cyrn"
0043E,"\cyrchar\cyro"
0043F,"\cyrchar\cyrp"
00440,"\cyrchar\cyrr"
00441,"\cyrchar\cyrs"
00442,"\cyrchar\cyrt"
00443,"\cyrchar\cyru"
00444,"\cyrchar\cyrf"
00445,"\cyrchar\cyrh"
00446,"\cyrchar\cyrc"
00447,"\cyrchar\cyrch"
00448,"\cyrchar\cyrsh"
00449,"\cyrchar\cyrshch"
0044A,"\cyrchar\cyrhrdsn"
0044B,"\cyrchar\cyrery"
0044C,"\cyrchar\cyrsftsn"
0044D,"\cyrchar\cyrerev"
0044E,"\cyrchar\cyryu"
0044F,"\cyrchar\cyrya"
00451,"\cyrchar\cyryo"
00452,"\cyrchar\cyrdje"
00453,"\cyrchar{\'\cyrg}"
00454,"\cyrchar\cyrie"
00455,"\cyrchar\cyrdze"
00456,"\cyrchar\cyrii"
00457,"\cyrchar\cyryi"
00458,"\cyrchar\cyrje"
00459,"\cyrchar\cyrlje"
0045A,"\cyrchar\cyrnje"
0045B,"\cyrchar\cyrtshe"
0045C,"\cyrchar{\'\cyrk}"
0045E,"\cyrchar\cyrushrt"
0045F,"\cyrchar\cyrdzhe"
00460,"\cyrchar\CYROMEGA"
00461,"\cyrchar\cyromega"
00462,"\cyrchar\CYRYAT"
00464,"\cyrchar\CYRIOTE"
00465,"\cyrchar\cyriote"
00466,"\cyrchar\CYRLYUS"
00467,"\cyrchar\cyrlyus"
00468,"\cyrchar\CYRIOTLYUS"
00469,"\cyrchar\cyriotlyus"
0046A,"\cyrchar\CYRBYUS"
0046C,"\cyrchar\CYRIOTBYUS"
0046D,"\cyrchar\cyriotbyus"
0046E,"\cyrchar\CYRKSI"
0046F,"\cyrchar\cyrksi"
00470,"\cyrchar\CYRPSI"
00471,"\cyrchar\cyrpsi"
00472,"\cyrchar\CYRFITA"
00474,"\cyrchar\CYRIZH"
00478,"\cyrchar\CYRUK"
00479,"\cyrchar\cyruk"
0047A,"\cyrchar\CYROMEGARND"
0047B,"\cyrchar\cyromegarnd"
0047C,"\cyrchar\CYROMEGATITLO"
0047D,"\cyrchar\cyromegatitlo"
0047E,"\cyrchar\CYROT"
0047F,"\cyrchar\cyrot"
00480,"\cyrchar\CYRKOPPA"
00481,"\cyrchar\cyrkoppa"
00482,"\cyrchar\cyrthousands"
00488,"\cyrchar\cyrhundredthousands"
00489,"\cyrchar\cyrmillions"
0048C,"\cyrchar\CYRSEMISFTSN"
0048D,"\cyrchar\cyrsemisftsn"
0048E,"\cyrchar\CYRRTICK"
0048F,"\cyrchar\cyrrtick"
00490,"\cyrchar\CYRGUP"
00491,"\cyrchar\cyrgup"
00492,"\cyrchar\CYRGHCRS"
00493,"\cyrchar\cyrghcrs"
00494,"\cyrchar\CYRGHK"
00495,"\cyrchar\cyrghk"
00496,"\cyrchar\CYRZHDSC"
00497,"\cyrchar\cyrzhdsc"
00498,"\cyrchar\CYRZDSC"
00499,"\cyrchar\cyrzdsc"
0049A,"\cyrchar\CYRKDSC"
0049B,"\cyrchar\cyrkdsc"
0049C,"\cyrchar\CYRKVCRS"
0049D,"\cyrchar\cyrkvcrs"
0049E,"\cyrchar\CYRKHCRS"
0049F,"\cyrchar\cyrkhcrs"
004A0,"\cyrchar\CYRKBEAK"
004A1,"\cyrchar\cyrkbeak"
004A2,"\cyrchar\CYRNDSC"
004A3,"\cyrchar\cyrndsc"
004A4,"\cyrchar\CYRNG"
004A5,"\cyrchar\cyrng"
004A6,"\cyrchar\CYRPHK"
004A7,"\cyrchar\cyrphk"
004A8,"\cyrchar\CYRABHHA"
004A9,"\cyrchar\cyrabhha"
004AA,"\cyrchar\CYRSDSC"
004AB,"\cyrchar\cyrsdsc"
004AC,"\cyrchar\CYRTDSC"
004AD,"\cyrchar\cyrtdsc"
004AE,"\cyrchar\CYRY"
004AF,"\cyrchar\cyry"
004B0,"\cyrchar\CYRYHCRS"
004B1,"\cyrchar\cyryhcrs"
004B2,"\cyrchar\CYRHDSC"
004B3,"\cyrchar\cyrhdsc"
004B4,"\cyrchar\CYRTETSE"
004B5,"\cyrchar\cyrtetse"
004B6,"\cyrchar\CYRCHRDSC"
004B7,"\cyrchar\cyrchrdsc"
004B8,"\cyrchar\CYRCHVCRS"
004B9,"\cyrchar\cyrchvcrs"
004BA,"\cyrchar\CYRSHHA"
004BB,"\cyrchar\cyrshha"
004BC,"\cyrchar\CYRABHCH"
004BD,"\cyrchar\cyrabhch"
004BE,"\cyrchar\CYRABHCHDSC"
004BF,"\cyrchar\cyrabhchdsc"
004C0,"\cyrchar\CYRpalochka"
004C3,"\cyrchar\CYRKHK"
004C4,"\cyrchar\cyrkhk"
004C7,"\cyrchar\CYRNHK"
004C8,"\cyrchar\cyrnhk"
004CB,"\cyrchar\CYRCHLDSC"
004CC,"\cyrchar\cyrchldsc"
004D4,"\cyrchar\CYRAE"
004D5,"\cyrchar\cyrae"
004D8,"\cyrchar\CYRSCHWA"
004D9,"\cyrchar\cyrschwa"
004E0,"\cyrchar\CYRABHDZE"
004E1,"\cyrchar\cyrabhdze"
004E8,"\cyrchar\CYROTLD"
004E9,"\cyrchar\cyrotld"
02002,"\hspace{0.6em}"
02003,"\hspace{1em}"
02004,"\hspace{0.33em}"
02005,"\hspace{0.25em}"
02006,"\hspace{0.166em}"
02007,"\hphantom{0}"
02008,"\hphantom{,}"
02009,"\hspace{0.167em}"
0200A,"\mkern1mu"
02010,"-"
02013,"\dashv"
02014,"\textemdash"
02015,"\rule{1em}{1pt}"
02016,"\Vert"
02018,"`"
02019,"'"
0201A,","
0201B,"\Elzreapos"
0201C,"\textquotedblleft"
0201D,"\textquotedblright"
0201E,",,"
02020,"\dagger"
02021,"\textdaggerdbl"
02022,"\textbullet"
02024,"."
02025,".."
02026,"\ldots"
02030,"\textperthousand"
02031,"\textpertenthousand"
02032,"{'}"
02033,"{''}"
02034,"{'''}"
02035,"\backprime"
02039,"\guilsinglleft"
0203A,"\guilsinglright"
02057,"''''"
0205F,"\mkern4mu"
02060,"\nolinebreak"
020A7,"\ensuremath{\Elzpes}"
020AC,"\mbox{\texteuro}"
020DB,"\dddot"
020DC,"\ddddot"
02102,"\mathbb{C}"
0210A,"\mathscr{g}"
0210B,"\mathscr{H}"
0210C,"\mathfrak{H}"
0210D,"\mathbb{H}"
0210F,"\hbar"
02110,"\mathscr{I}"
02111,"\mathfrak{I}"
02112,"\mathscr{L}"
02113,"\ell"
02115,"\mathbb{N}"
02116,"\cyrchar\textnumero"
02118,"\wp"
02119,"\mathbb{P}"
0211A,"\mathbb{Q}"
0211B,"\mathscr{R}"
0211C,"\mathfrak{R}"
0211D,"\mathbb{R}"
0211E,"\Elzxrat"
02122,"\texttrademark"
02124,"\mathbb{Z}"
02126,"\Omega"
02127,"\mho"
02128,"\mathfrak{Z}"
02129,"\ElsevierGlyph{2129}"
0212B,"\AA"
0212C,"\mathscr{B}"
0212D,"\mathfrak{C}"
0212F,"\mathscr{e}"
02130,"\mathscr{E}"
02131,"\mathscr{F}"
02133,"\mathscr{M}"
02134,"\mathscr{o}"
02135,"\aleph"
02136,"\beth"
02137,"\gimel"
02138,"\daleth"
02153,"\textfrac{1}{3}"
02154,"\textfrac{2}{3}"
02155,"\textfrac{1}{5}"
02156,"\textfrac{2}{5}"
02157,"\textfrac{3}{5}"
02158,"\textfrac{4}{5}"
02159,"\textfrac{1}{6}"
0215A,"\textfrac{5}{6}"
0215B,"\textfrac{1}{8}"
0215C,"\textfrac{3}{8}"
0215D,"\textfrac{5}{8}"
0215E,"\textfrac{7}{8}"
02190,"\leftarrow"
02191,"\uparrow"
02192,"\rightarrow"
02193,"\downarrow"
02194,"\leftrightarrow"
02195,"\updownarrow"
02196,"\nwarrow"
02197,"\nearrow"
02198,"\searrow"
02199,"\swarrow"
0219A,"\nleftarrow"
0219B,"\nrightarrow"
0219C,"\arrowwaveleft"
0219D,"\arrowwaveright"
0219E,"\twoheadleftarrow"
021A0,"\twoheadrightarrow"
021A2,"\leftarrowtail"
021A3,"\rightarrowtail"
021A6,"\mapsto"
021A9,"\hookleftarrow"
021AA,"\hookrightarrow"
021AB,"\looparrowleft"
021AC,"\looparrowright"
021AD,"\leftrightsquigarrow"
021AE,"\nleftrightarrow"
021B0,"\Lsh"
021B1,"\Rsh"
021B3,"\ElsevierGlyph{21B3}"
021B6,"\curvearrowleft"
021B7,"\curvearrowright"
021BA,"\circlearrowleft"
021BB,"\circlearrowright"
021BC,"\leftharpoonup"
021BD,"\leftharpoondown"
021BE,"\upharpoonright"
021BF,"\upharpoonleft"
021C0,"\rightharpoonup"
021C1,"\rightharpoondown"
021C2,"\downharpoonright"
021C3,"\downharpoonleft"
021C4,"\rightleftarrows"
021C5,"\dblarrowupdown"
021C6,"\leftrightarrows"
021C7,"\leftleftarrows"
021C8,"\upuparrows"
021C9,"\rightrightarrows"
021CA,"\downdownarrows"
021CB,"\leftrightharpoons"
021CC,"\rightleftharpoons"
021CD,"\nLeftarrow"
021CE,"\nLeftrightarrow"
021CF,"\nRightarrow"
021D0,"\Leftarrow"
021D1,"\Uparrow"
021D2,"\Rightarrow"
021D3,"\Downarrow"
021D4,"\Leftrightarrow"
021D5,"\Updownarrow"
021DA,"\Lleftarrow"
021DB,"\Rrightarrow"
021DD,"\rightsquigarrow"
021F5,"\DownArrowUpArrow"
02200,"\forall"
02201,"\complement"
02202,"\partial"
02203,"\exists"
02204,"\nexists"
02205,"\varnothing"
02207,"\nabla"
02208,"\in"
02209,"\not\in"
0220B,"\ni"
0220C,"\not\ni"
0220F,"\prod"
02210,"\coprod"
02211,"\sum"
02212,"-"
02213,"\mp"
02214,"\dotplus"
02216,"\setminus"
02217,"{_\ast}"
02218,"\circ"
02219,"\bullet"
0221A,"\surd"
0221D,"\propto"
0221E,"\infty"
0221F,"\rightangle"
02220,"\angle"
02221,"\measuredangle"
02222,"\sphericalangle"
02223,"\mid"
02224,"\nmid"
02225,"\parallel"
02226,"\nparallel"
02227,"\wedge"
02228,"\vee"
02229,"\cap"
0222A,"\cup"
0222B,"\int"
0222C,"\int\!\int"
0222D,"\int\!\int\!\int"
0222E,"\oint"
0222F,"\surfintegral"
02230,"\volintegral"
02231,"\clwintegral"
02232,"\ElsevierGlyph{2232}"
02233,"\ElsevierGlyph{2233}"
02234,"\therefore"
02235,"\because"
02237,"\Colon"
02238,"\ElsevierGlyph{2238}"
0223A,"\mathbin{{:}\!\!{-}\!\!{:}}"
0223B,"\homothetic"
0223C,"\sim"
0223D,"\backsim"
0223E,"\lazysinv"
02240,"\wr"
02241,"\not\sim"
02242,"\ElsevierGlyph{2242}"
02243,"\simeq"
02244,"\not\simeq"
02245,"\cong"
02246,"\approxnotequal"
02247,"\not\cong"
02248,"\approx"
02249,"\not\approx"
0224A,"\approxeq"
0224B,"\tildetrpl"
0224C,"\allequal"
0224D,"\asymp"
0224E,"\Bumpeq"
0224F,"\bumpeq"
02250,"\doteq"
02251,"\doteqdot"
02252,"\fallingdotseq"
02253,"\risingdotseq"
02254,":="
02255,"=:"
02256,"\eqcirc"
02257,"\circeq"
02259,"\estimates"
0225A,"\ElsevierGlyph{225A}"
0225B,"\starequal"
0225C,"\triangleq"
0225F,"\ElsevierGlyph{225F}"
02260,"\not ="
02261,"\equiv"
02262,"\not\equiv"
02264,"\leq"
02265,"\geq"
02266,"\leqq"
02267,"\geqq"
02268,"\lneqq"
02269,"\gneqq"
0226A,"\ll"
0226B,"\gg"
0226C,"\between"
0226D,"\not\kern-0.3em\times"
0226E,"\not<"
0226F,"\not>"
02270,"\not\leq"
02271,"\not\geq"
02272,"\lessequivlnt"
02273,"\greaterequivlnt"
02274,"\ElsevierGlyph{2274}"
02275,"\ElsevierGlyph{2275}"
02276,"\lessgtr"
02277,"\gtrless"
02278,"\notlessgreater"
02279,"\notgreaterless"
0227A,"\prec"
0227B,"\succ"
0227C,"\preccurlyeq"
0227D,"\succcurlyeq"
0227E,"\precapprox"
0227F,"\succapprox"
02280,"\not\prec"
02281,"\not\succ"
02282,"\subset"
02283,"\supset"
02284,"\not\subset"
02285,"\not\supset"
02286,"\subseteq"
02287,"\supseteq"
02288,"\not\subseteq"
02289,"\not\supseteq"
0228A,"\subsetneq"
0228B,"\supsetneq"
0228E,"\uplus"
0228F,"\sqsubset"
02290,"\sqsupset"
02291,"\sqsubseteq"
02292,"\sqsupseteq"
02293,"\sqcap"
02294,"\sqcup"
02295,"\oplus"
02296,"\ominus"
02297,"\otimes"
02298,"\oslash"
02299,"\odot"
0229A,"\circledcirc"
0229B,"\circledast"
0229D,"\circleddash"
0229E,"\boxplus"
0229F,"\boxminus"
022A0,"\boxtimes"
022A1,"\boxdot"
022A2,"\vdash"
022A3,"\dashv"
022A4,"\top"
022A5,"\perp"
022A7,"\truestate"
022A8,"\forcesextra"
022A9,"\Vdash"
022AA,"\Vvdash"
022AB,"\VDash"
022AC,"\nvdash"
022AD,"\nvDash"
022AE,"\nVdash"
022AF,"\nVDash"
022B2,"\vartriangleleft"
022B3,"\vartriangleright"
022B4,"\trianglelefteq"
022B5,"\trianglerighteq"
022B6,"\original"
022B7,"\image"
022B8,"\multimap"
022B9,"\hermitconjmatrix"
022BA,"\intercal"
022BB,"\veebar"
022BE,"\rightanglearc"
022C0,"\ElsevierGlyph{22C0}"
022C1,"\ElsevierGlyph{22C1}"
022C2,"\bigcap"
022C3,"\bigcup"
022C4,"\diamond"
022C5,"\cdot"
022C6,"\star"
022C7,"\divideontimes"
022C8,"\bowtie"
022C9,"\ltimes"
022CA,"\rtimes"
022CB,"\leftthreetimes"
022CC,"\rightthreetimes"
022CD,"\backsimeq"
022CE,"\curlyvee"
022CF,"\curlywedge"
022D0,"\Subset"
022D1,"\Supset"
022D2,"\Cap"
022D3,"\Cup"
022D4,"\pitchfork"
022D6,"\lessdot"
022D7,"\gtrdot"
022D8,"\verymuchless"
022D9,"\verymuchgreater"
022DA,"\lesseqgtr"
022DB,"\gtreqless"
022DE,"\curlyeqprec"
022DF,"\curlyeqsucc"
022E2,"\not\sqsubseteq"
022E3,"\not\sqsupseteq"
022E5,"\Elzsqspne"
022E6,"\lnsim"
022E7,"\gnsim"
022E8,"\precedesnotsimilar"
022E9,"\succnsim"
022EA,"\ntriangleleft"
022EB,"\ntriangleright"
022EC,"\ntrianglelefteq"
022ED,"\ntrianglerighteq"
022EE,"\vdots"
022EF,"\cdots"
022F0,"\upslopeellipsis"
022F1,"\downslopeellipsis"
02305,"\barwedge"
02306,"\varperspcorrespond"
02308,"\lceil"
02309,"\rceil"
0230A,"\lfloor"
0230B,"\rfloor"
02315,"\recorder"
02316,"\mathchar""2208"
0231C,"\ulcorner"
0231D,"\urcorner"
0231E,"\llcorner"
0231F,"\lrcorner"
02322,"\frown"
02323,"\smile"
0233D,"\ElsevierGlyph{E838}"
023A3,"\Elzdlcorn"
023B0,"\lmoustache"
023B1,"\rmoustache"
02423,"\textvisiblespace"
02460,"\ding{172}"
02461,"\ding{173}"
02462,"\ding{174}"
02463,"\ding{175}"
02464,"\ding{176}"
02465,"\ding{177}"
02466,"\ding{178}"
02467,"\ding{179}"
02468,"\ding{180}"
02469,"\ding{181}"
024C8,"\circledS"
02506,"\Elzdshfnc"
02519,"\Elzsqfnw"
02571,"\diagup"
025A0,"\ding{110}"
025A1,"\square"
025AA,"\blacksquare"
025AD,"\fbox{~~}"
025AF,"\Elzvrecto"
025B1,"\ElsevierGlyph{E381}"
025B2,"\ding{115}"
025B3,"\bigtriangleup"
025B4,"\blacktriangle"
025B5,"\vartriangle"
025B8,"\blacktriangleright"
025B9,"\triangleright"
025BC,"\ding{116}"
025BD,"\bigtriangledown"
025BE,"\blacktriangledown"
025BF,"\triangledown"
025C2,"\blacktriangleleft"
025C3,"\triangleleft"
025C6,"\ding{117}"
025CA,"\lozenge"
025CB,"\bigcirc"
025CF,"\ding{108}"
025D0,"\Elzcirfl"
025D1,"\Elzcirfr"
025D2,"\Elzcirfb"
025D7,"\ding{119}"
025D8,"\Elzrvbull"
025E7,"\Elzsqfl"
025E8,"\Elzsqfr"
025EA,"\Elzsqfse"
025EF,"\bigcirc"
02605,"\ding{72}"
02606,"\ding{73}"
0260E,"\ding{37}"
0261B,"\ding{42}"
0261E,"\ding{43}"
0263E,"\rightmoon"
0263F,"\mercury"
02640,"\venus"
02642,"\male"
02643,"\jupiter"
02644,"\saturn"
02645,"\uranus"
02646,"\neptune"
02647,"\pluto"
02648,"\aries"
02649,"\taurus"
0264A,"\gemini"
0264B,"\cancer"
0264C,"\leo"
0264D,"\virgo"
0264E,"\libra"
0264F,"\scorpio"
02650,"\sagittarius"
02651,"\capricornus"
02652,"\aquarius"
02653,"\pisces"
02660,"\ding{171}"
02662,"\diamond"
02663,"\ding{168}"
02665,"\ding{170}"
02666,"\ding{169}"
02669,"\quarternote"
0266A,"\eighthnote"
0266D,"\flat"
0266E,"\natural"
0266F,"\sharp"
02701,"\ding{33}"
02702,"\ding{34}"
02703,"\ding{35}"
02704,"\ding{36}"
02706,"\ding{38}"
02707,"\ding{39}"
02708,"\ding{40}"
02709,"\ding{41}"
0270C,"\ding{44}"
0270D,"\ding{45}"
0270E,"\ding{46}"
0270F,"\ding{47}"
02710,"\ding{48}"
02711,"\ding{49}"
02712,"\ding{50}"
02713,"\ding{51}"
02714,"\ding{52}"
02715,"\ding{53}"
02716,"\ding{54}"
02717,"\ding{55}"
02718,"\ding{56}"
02719,"\ding{57}"
0271A,"\ding{58}"
0271B,"\ding{59}"
0271C,"\ding{60}"
0271D,"\ding{61}"
0271E,"\ding{62}"
0271F,"\ding{63}"
02720,"\ding{64}"
02721,"\ding{65}"
02722,"\ding{66}"
02723,"\ding{67}"
02724,"\ding{68}"
02725,"\ding{69}"
02726,"\ding{70}"
02727,"\ding{71}"
02729,"\ding{73}"
0272A,"\ding{74}"
0272B,"\ding{75}"
0272C,"\ding{76}"
0272D,"\ding{77}"
0272E,"\ding{78}"
0272F,"\ding{79}"
02730,"\ding{80}"
02731,"\ding{81}"
02732,"\ding{82}"
02733,"\ding{83}"
02734,"\ding{84}"
02735,"\ding{85}"
02736,"\ding{86}"
02737,"\ding{87}"
02738,"\ding{88}"
02739,"\ding{89}"
0273A,"\ding{90}"
0273B,"\ding{91}"
0273C,"\ding{92}"
0273D,"\ding{93}"
0273E,"\ding{94}"
0273F,"\ding{95}"
02740,"\ding{96}"
02741,"\ding{97}"
02742,"\ding{98}"
02743,"\ding{99}"
02744,"\ding{100}"
02745,"\ding{101}"
02746,"\ding{102}"
02747,"\ding{103}"
02748,"\ding{104}"
02749,"\ding{105}"
0274A,"\ding{106}"
0274B,"\ding{107}"
0274D,"\ding{109}"
0274F,"\ding{111}"
02750,"\ding{112}"
02751,"\ding{113}"
02752,"\ding{114}"
02756,"\ding{118}"
02758,"\ding{120}"
02759,"\ding{121}"
0275A,"\ding{122}"
0275B,"\ding{123}"
0275C,"\ding{124}"
0275D,"\ding{125}"
0275E,"\ding{126}"
02761,"\ding{161}"
02762,"\ding{162}"
02763,"\ding{163}"
02764,"\ding{164}"
02765,"\ding{165}"
02766,"\ding{166}"
02767,"\ding{167}"
02776,"\ding{182}"
02777,"\ding{183}"
02778,"\ding{184}"
02779,"\ding{185}"
0277A,"\ding{186}"
0277B,"\ding{187}"
0277C,"\ding{188}"
0277D,"\ding{189}"
0277E,"\ding{190}"
0277F,"\ding{191}"
02780,"\ding{192}"
02781,"\ding{193}"
02782,"\ding{194}"
02783,"\ding{195}"
02784,"\ding{196}"
02785,"\ding{197}"
02786,"\ding{198}"
02787,"\ding{199}"
02788,"\ding{200}"
02789,"\ding{201}"
0278A,"\ding{202}"
0278B,"\ding{203}"
0278C,"\ding{204}"
0278D,"\ding{205}"
0278E,"\ding{206}"
0278F,"\ding{207}"
02790,"\ding{208}"
02791,"\ding{209}"
02792,"\ding{210}"
02793,"\ding{211}"
02794,"\ding{212}"
02798,"\ding{216}"
02799,"\ding{217}"
0279A,"\ding{218}"
0279B,"\ding{219}"
0279C,"\ding{220}"
0279D,"\ding{221}"
0279E,"\ding{222}"
0279F,"\ding{223}"
027A0,"\ding{224}"
027A1,"\ding{225}"
027A2,"\ding{226}"
027A3,"\ding{227}"
027A4,"\ding{228}"
027A5,"\ding{229}"
027A6,"\ding{230}"
027A7,"\ding{231}"
027A8,"\ding{232}"
027A9,"\ding{233}"
027AA,"\ding{234}"
027AB,"\ding{235}"
027AC,"\ding{236}"
027AD,"\ding{237}"
027AE,"\ding{238}"
027AF,"\ding{239}"
027B1,"\ding{241}"
027B2,"\ding{242}"
027B3,"\ding{243}"
027B4,"\ding{244}"
027B5,"\ding{245}"
027B6,"\ding{246}"
027B7,"\ding{247}"
027B8,"\ding{248}"
027B9,"\ding{249}"
027BA,"\ding{250}"
027BB,"\ding{251}"
027BC,"\ding{252}"
027BD,"\ding{253}"
027BE,"\ding{254}"
027E8,"\langle"
027E9,"\rangle"
027F5,"\longleftarrow"
027F6,"\longrightarrow"
027F7,"\longleftrightarrow"
027F8,"\Longleftarrow"
027F9,"\Longrightarrow"
027FA,"\Longleftrightarrow"
027FC,"\longmapsto"
027FF,"\sim\joinrel\leadsto"
02905,"\ElsevierGlyph{E212}"
02912,"\UpArrowBar"
02913,"\DownArrowBar"
02923,"\ElsevierGlyph{E20C}"
02924,"\ElsevierGlyph{E20D}"
02925,"\ElsevierGlyph{E20B}"
02926,"\ElsevierGlyph{E20A}"
02927,"\ElsevierGlyph{E211}"
02928,"\ElsevierGlyph{E20E}"
02929,"\ElsevierGlyph{E20F}"
0292A,"\ElsevierGlyph{E210}"
02933,"\ElsevierGlyph{E21C}"
02936,"\ElsevierGlyph{E21A}"
02937,"\ElsevierGlyph{E219}"
02940,"\Elolarr"
02941,"\Elorarr"
02942,"\ElzRlarr"
02944,"\ElzrLarr"
02947,"\Elzrarrx"
0294E,"\LeftRightVector"
0294F,"\RightUpDownVector"
02950,"\DownLeftRightVector"
02951,"\LeftUpDownVector"
02952,"\LeftVectorBar"
02953,"\RightVectorBar"
02954,"\RightUpVectorBar"
02955,"\RightDownVectorBar"
02956,"\DownLeftVectorBar"
02957,"\DownRightVectorBar"
02958,"\LeftUpVectorBar"
02959,"\LeftDownVectorBar"
0295A,"\LeftTeeVector"
0295B,"\RightTeeVector"
0295C,"\RightUpTeeVector"
0295D,"\RightDownTeeVector"
0295E,"\DownLeftTeeVector"
0295F,"\DownRightTeeVector"
02960,"\LeftUpTeeVector"
02961,"\LeftDownTeeVector"
0296E,"\UpEquilibrium"
0296F,"\ReverseUpEquilibrium"
02970,"\RoundImplies"
0297C,"\ElsevierGlyph{E214}"
0297D,"\ElsevierGlyph{E215}"
02980,"\Elztfnc"
02985,"\ElsevierGlyph{3018}"
02986,"\Elroang"
02993,"<\kern-0.58em("
02994,"\ElsevierGlyph{E291}"
02999,"\Elzddfnc"
0299C,"\Angle"
029A0,"\Elzlpargt"
029B5,"\ElsevierGlyph{E260}"
029B6,"\ElsevierGlyph{E61B}"
029CA,"\ElzLap"
029CB,"\Elzdefas"
029CF,"\LeftTriangleBar"
029D0,"\RightTriangleBar"
029DC,"\ElsevierGlyph{E372}"
029EB,"\blacklozenge"
029F4,"\RuleDelayed"
02A04,"\Elxuplus"
02A05,"\ElzThr"
02A06,"\Elxsqcup"
02A07,"\ElzInf"
02A08,"\ElzSup"
02A0D,"\ElzCint"
02A0F,"\clockoint"
02A10,"\ElsevierGlyph{E395}"
02A16,"\sqrint"
02A25,"\ElsevierGlyph{E25A}"
02A2A,"\ElsevierGlyph{E25B}"
02A2D,"\ElsevierGlyph{E25C}"
02A2E,"\ElsevierGlyph{E25D}"
02A2F,"\ElzTimes"
02A34,"\ElsevierGlyph{E25E}"
02A35,"\ElsevierGlyph{E25E}"
02A3C,"\ElsevierGlyph{E259}"
02A3F,"\amalg"
02A53,"\ElzAnd"
02A54,"\ElzOr"
02A55,"\ElsevierGlyph{E36E}"
02A56,"\ElOr"
02A5E,"\perspcorrespond"
02A5F,"\Elzminhat"
02A63,"\ElsevierGlyph{225A}"
02A6E,"\stackrel{*}{=}"
02A75,"\Equal"
02A7D,"\leqslant"
02A7E,"\geqslant"
02A85,"\lessapprox"
02A86,"\gtrapprox"
02A87,"\lneq"
02A88,"\gneq"
02A89,"\lnapprox"
02A8A,"\gnapprox"
02A8B,"\lesseqqgtr"
02A8C,"\gtreqqless"
02A95,"\eqslantless"
02A96,"\eqslantgtr"
02A9D,"\Pisymbol{ppi020}{117}"
02A9E,"\Pisymbol{ppi020}{105}"
02AA1,"\NestedLessLess"
02AA2,"\NestedGreaterGreater"
02AAF,"\preceq"
02AB0,"\succeq"
02AB5,"\precneqq"
02AB6,"\succneqq"
02AB7,"\precapprox"
02AB8,"\succapprox"
02AB9,"\precnapprox"
02ABA,"\succnapprox"
02AC5,"\subseteqq"
02AC6,"\supseteqq"
02ACB,"\subsetneqq"
02ACC,"\supsetneqq"
02AEB,"\ElsevierGlyph{E30D}"
02AF6,"\Elztdcol"
02AFD,"{{/}\!\!{/}}"
0300A,"\ElsevierGlyph{300A}"
0300B,"\ElsevierGlyph{300B}"
03018,"\ElsevierGlyph{3018}"
03019,"\ElsevierGlyph{3019}"
0301A,"\openbracketleft"
0301B,"\openbracketright"
0FB00,"ff"
0FB01,"fi"
0FB02,"fl"
0FB03,"ffi"
0FB04,"ffl"
1D400,"\mathbf{A}"
1D401,"\mathbf{B}"
1D402,"\mathbf{C}"
1D403,"\mathbf{D}"
1D404,"\mathbf{E}"
1D405,"\mathbf{F}"
1D406,"\mathbf{G}"
1D407,"\mathbf{H}"
1D408,"\mathbf{I}"
1D409,"\mathbf{J}"
1D40A,"\mathbf{K}"
1D40B,"\mathbf{L}"
1D40C,"\mathbf{M}"
1D40D,"\mathbf{N}"
1D40E,"\mathbf{O}"
1D40F,"\mathbf{P}"
1D410,"\mathbf{Q}"
1D411,"\mathbf{R}"
1D412,"\mathbf{S}"
1D413,"\mathbf{T}"
1D414,"\mathbf{U}"
1D415,"\mathbf{V}"
1D416,"\mathbf{W}"
1D417,"\mathbf{X}"
1D418,"\mathbf{Y}"
1D419,"\mathbf{Z}"
1D41A,"\mathbf{a}"
1D41B,"\mathbf{b}"
1D41C,"\mathbf{c}"
1D41D,"\mathbf{d}"
1D41E,"\mathbf{e}"
1D41F,"\mathbf{f}"
1D420,"\mathbf{g}"
1D421,"\mathbf{h}"
1D422,"\mathbf{i}"
1D423,"\mathbf{j}"
1D424,"\mathbf{k}"
1D425,"\mathbf{l}"
1D426,"\mathbf{m}"
1D427,"\mathbf{n}"
1D428,"\mathbf{o}"
1D429,"\mathbf{p}"
1D42A,"\mathbf{q}"
1D42B,"\mathbf{r}"
1D42C,"\mathbf{s}"
1D42D,"\mathbf{t}"
1D42E,"\mathbf{u}"
1D42F,"\mathbf{v}"
1D430,"\mathbf{w}"
1D431,"\mathbf{x}"
1D432,"\mathbf{y}"
1D433,"\mathbf{z}"
1D434,"\mathmit{A}"
1D435,"\mathmit{B}"
1D436,"\mathmit{C}"
1D437,"\mathmit{D}"
1D438,"\mathmit{E}"
1D439,"\mathmit{F}"
1D43A,"\mathmit{G}"
1D43B,"\mathmit{H}"
1D43C,"\mathmit{I}"
1D43D,"\mathmit{J}"
1D43E,"\mathmit{K}"
1D43F,"\mathmit{L}"
1D440,"\mathmit{M}"
1D441,"\mathmit{N}"
1D442,"\mathmit{O}"
1D443,"\mathmit{P}"
1D444,"\mathmit{Q}"
1D445,"\mathmit{R}"
1D446,"\mathmit{S}"
1D447,"\mathmit{T}"
1D448,"\mathmit{U}"
1D449,"\mathmit{V}"
1D44A,"\mathmit{W}"
1D44B,"\mathmit{X}"
1D44C,"\mathmit{Y}"
1D44D,"\mathmit{Z}"
1D44E,"\mathmit{a}"
1D44F,"\mathmit{b}"
1D450,"\mathmit{c}"
1D451,"\mathmit{d}"
1D452,"\mathmit{e}"
1D453,"\mathmit{f}"
1D454,"\mathmit{g}"
1D456,"\mathmit{i}"
1D457,"\mathmit{j}"
1D458,"\mathmit{k}"
1D459,"\mathmit{l}"
1D45A,"\mathmit{m}"
1D45B,"\mathmit{n}"
1D45C,"\mathmit{o}"
1D45D,"\mathmit{p}"
1D45E,"\mathmit{q}"
1D45F,"\mathmit{r}"
1D460,"\mathmit{s}"
1D461,"\mathmit{t}"
1D462,"\mathmit{u}"
1D463,"\mathmit{v}"
1D464,"\mathmit{w}"
1D465,"\mathmit{x}"
1D466,"\mathmit{y}"
1D467,"\mathmit{z}"
1D468,"\mathbit{A}"
1D469,"\mathbit{B}"
1D46A,"\mathbit{C}"
1D46B,"\mathbit{D}"
1D46C,"\mathbit{E}"
1D46D,"\mathbit{F}"
1D46E,"\mathbit{G}"
1D46F,"\mathbit{H}"
1D470,"\mathbit{I}"
1D471,"\mathbit{J}"
1D472,"\mathbit{K}"
1D473,"\mathbit{L}"
1D474,"\mathbit{M}"
1D475,"\mathbit{N}"
1D476,"\mathbit{O}"
1D477,"\mathbit{P}"
1D478,"\mathbit{Q}"
1D479,"\mathbit{R}"
1D47A,"\mathbit{S}"
1D47B,"\mathbit{T}"
1D47C,"\mathbit{U}"
1D47D,"\mathbit{V}"
1D47E,"\mathbit{W}"
1D47F,"\mathbit{X}"
1D480,"\mathbit{Y}"
1D481,"\mathbit{Z}"
1D482,"\mathbit{a}"
1D483,"\mathbit{b}"
1D484,"\mathbit{c}"
1D485,"\mathbit{d}"
1D486,"\mathbit{e}"
1D487,"\mathbit{f}"
1D488,"\mathbit{g}"
1D489,"\mathbit{h}"
1D48A,"\mathbit{i}"
1D48B,"\mathbit{j}"
1D48C,"\mathbit{k}"
1D48D,"\mathbit{l}"
1D48E,"\mathbit{m}"
1D48F,"\mathbit{n}"
1D490,"\mathbit{o}"
1D491,"\mathbit{p}"
1D492,"\mathbit{q}"
1D493,"\mathbit{r}"
1D494,"\mathbit{s}"
1D495,"\mathbit{t}"
1D496,"\mathbit{u}"
1D497,"\mathbit{v}"
1D498,"\mathbit{w}"
1D499,"\mathbit{x}"
1D49A,"\mathbit{y}"
1D49B,"\mathbit{z}"
1D49C,"\mathscr{A}"
1D49E,"\mathscr{C}"
1D49F,"\mathscr{D}"
1D4A2,"\mathscr{G}"
1D4A5,"\mathscr{J}"
1D4A6,"\mathscr{K}"
1D4A9,"\mathscr{N}"
1D4AA,"\mathscr{O}"
1D4AB,"\mathscr{P}"
1D4AC,"\mathscr{Q}"
1D4AE,"\mathscr{S}"
1D4AF,"\mathscr{T}"
1D4B0,"\mathscr{U}"
1D4B1,"\mathscr{V}"
1D4B2,"\mathscr{W}"
1D4B3,"\mathscr{X}"
1D4B4,"\mathscr{Y}"
1D4B5,"\mathscr{Z}"
1D4B6,"\mathscr{a}"
1D4B7,"\mathscr{b}"
1D4B8,"\mathscr{c}"
1D4B9,"\mathscr{d}"
1D4BB,"\mathscr{f}"
1D4BD,"\mathscr{h}"
1D4BE,"\mathscr{i}"
1D4BF,"\mathscr{j}"
1D4C0,"\mathscr{k}"
1D4C1,"\mathscr{l}"
1D4C2,"\mathscr{m}"
1D4C3,"\mathscr{n}"
1D4C5,"\mathscr{p}"
1D4C6,"\mathscr{q}"
1D4C7,"\mathscr{r}"
1D4C8,"\mathscr{s}"
1D4C9,"\mathscr{t}"
1D4CA,"\mathscr{u}"
1D4CB,"\mathscr{v}"
1D4CC,"\mathscr{w}"
1D4CD,"\mathscr{x}"
1D4CE,"\mathscr{y}"
1D4CF,"\mathscr{z}"
1D4D0,"\mathbcal{A}"
1D4D1,"\mathbcal{B}"
1D4D2,"\mathbcal{C}"
1D4D3,"\mathbcal{D}"
1D4D4,"\mathbcal{E}"
1D4D5,"\mathbcal{F}"
1D4D6,"\mathbcal{G}"
1D4D7,"\mathbcal{H}"
1D4D8,"\mathbcal{I}"
1D4D9,"\mathbcal{J}"
1D4DA,"\mathbcal{K}"
1D4DB,"\mathbcal{L}"
1D4DC,"\mathbcal{M}"
1D4DD,"\mathbcal{N}"
1D4DE,"\mathbcal{O}"
1D4DF,"\mathbcal{P}"
1D4E0,"\mathbcal{Q}"
1D4E1,"\mathbcal{R}"
1D4E2,"\mathbcal{S}"
1D4E3,"\mathbcal{T}"
1D4E4,"\mathbcal{U}"
1D4E5,"\mathbcal{V}"
1D4E6,"\mathbcal{W}"
1D4E7,"\mathbcal{X}"
1D4E8,"\mathbcal{Y}"
1D4E9,"\mathbcal{Z}"
1D4EA,"\mathbcal{a}"
1D4EB,"\mathbcal{b}"
1D4EC,"\mathbcal{c}"
1D4ED,"\mathbcal{d}"
1D4EE,"\mathbcal{e}"
1D4EF,"\mathbcal{f}"
1D4F0,"\mathbcal{g}"
1D4F1,"\mathbcal{h}"
1D4F2,"\mathbcal{i}"
1D4F3,"\mathbcal{j}"
1D4F4,"\mathbcal{k}"
1D4F5,"\mathbcal{l}"
1D4F6,"\mathbcal{m}"
1D4F7,"\mathbcal{n}"
1D4F8,"\mathbcal{o}"
1D4F9,"\mathbcal{p}"
1D4FA,"\mathbcal{q}"
1D4FB,"\mathbcal{r}"
1D4FC,"\mathbcal{s}"
1D4FD,"\mathbcal{t}"
1D4FE,"\mathbcal{u}"
1D4FF,"\mathbcal{v}"
1D500,"\mathbcal{w}"
1D501,"\mathbcal{x}"
1D502,"\mathbcal{y}"
1D503,"\mathbcal{z}"
1D504,"\mathfrak{A}"
1D505,"\mathfrak{B}"
1D507,"\mathfrak{D}"
1D508,"\mathfrak{E}"
1D509,"\mathfrak{F}"
1D50A,"\mathfrak{G}"
1D50D,"\mathfrak{J}"
1D50E,"\mathfrak{K}"
1D50F,"\mathfrak{L}"
1D510,"\mathfrak{M}"
1D511,"\mathfrak{N}"
1D512,"\mathfrak{O}"
1D513,"\mathfrak{P}"
1D514,"\mathfrak{Q}"
1D516,"\mathfrak{S}"
1D517,"\mathfrak{T}"
1D518,"\mathfrak{U}"
1D519,"\mathfrak{V}"
1D51A,"\mathfrak{W}"
1D51B,"\mathfrak{X}"
1D51C,"\mathfrak{Y}"
1D51E,"\mathfrak{a}"
1D51F,"\mathfrak{b}"
1D520,"\mathfrak{c}"
1D521,"\mathfrak{d}"
1D522,"\mathfrak{e}"
1D523,"\mathfrak{f}"
1D524,"\mathfrak{g}"
1D525,"\mathfrak{h}"
1D526,"\mathfrak{i}"
1D527,"\mathfrak{j}"
1D528,"\mathfrak{k}"
1D529,"\mathfrak{l}"
1D52A,"\mathfrak{m}"
1D52B,"\mathfrak{n}"
1D52C,"\mathfrak{o}"
1D52D,"\mathfrak{p}"
1D52E,"\mathfrak{q}"
1D52F,"\mathfrak{r}"
1D530,"\mathfrak{s}"
1D531,"\mathfrak{t}"
1D532,"\mathfrak{u}"
1D533,"\mathfrak{v}"
1D534,"\mathfrak{w}"
1D535,"\mathfrak{x}"
1D536,"\mathfrak{y}"
1D537,"\mathfrak{z}"
1D538,"\mathbb{A}"
1D539,"\mathbb{B}"
1D53B,"\mathbb{D}"
1D53C,"\mathbb{E}"
1D53D,"\mathbb{F}"
1D53E,"\mathbb{G}"
1D540,"\mathbb{I}"
1D541,"\mathbb{J}"
1D542,"\mathbb{K}"
1D543,"\mathbb{L}"
1D544,"\mathbb{M}"
1D546,"\mathbb{O}"
1D54A,"\mathbb{S}"
1D54B,"\mathbb{T}"
1D54C,"\mathbb{U}"
1D54D,"\mathbb{V}"
1D54E,"\mathbb{W}"
1D54F,"\mathbb{X}"
1D550,"\mathbb{Y}"
1D552,"\mathbb{a}"
1D553,"\mathbb{b}"
1D554,"\mathbb{c}"
1D555,"\mathbb{d}"
1D556,"\mathbb{e}"
1D557,"\mathbb{f}"
1D558,"\mathbb{g}"
1D559,"\mathbb{h}"
1D55A,"\mathbb{i}"
1D55B,"\mathbb{j}"
1D55C,"\mathbb{k}"
1D55D,"\mathbb{l}"
1D55E,"\mathbb{m}"
1D55F,"\mathbb{n}"
1D560,"\mathbb{o}"
1D561,"\mathbb{p}"
1D562,"\mathbb{q}"
1D563,"\mathbb{r}"
1D564,"\mathbb{s}"
1D565,"\mathbb{t}"
1D566,"\mathbb{u}"
1D567,"\mathbb{v}"
1D568,"\mathbb{w}"
1D569,"\mathbb{x}"
1D56A,"\mathbb{y}"
1D56B,"\mathbb{z}"
1D56C,"\mathbfrak{A}"
1D56D,"\mathbfrak{B}"
1D56E,"\mathbfrak{C}"
1D56F,"\mathbfrak{D}"
1D570,"\mathbfrak{E}"
1D571,"\mathbfrak{F}"
1D572,"\mathbfrak{G}"
1D573,"\mathbfrak{H}"
1D574,"\mathbfrak{I}"
1D575,"\mathbfrak{J}"
1D576,"\mathbfrak{K}"
1D577,"\mathbfrak{L}"
1D578,"\mathbfrak{M}"
1D579,"\mathbfrak{N}"
1D57A,"\mathbfrak{O}"
1D57B,"\mathbfrak{P}"
1D57C,"\mathbfrak{Q}"
1D57D,"\mathbfrak{R}"
1D57E,"\mathbfrak{S}"
1D57F,"\mathbfrak{T}"
1D580,"\mathbfrak{U}"
1D581,"\mathbfrak{V}"
1D582,"\mathbfrak{W}"
1D583,"\mathbfrak{X}"
1D584,"\mathbfrak{Y}"
1D585,"\mathbfrak{Z}"
1D586,"\mathbfrak{a}"
1D587,"\mathbfrak{b}"
1D588,"\mathbfrak{c}"
1D589,"\mathbfrak{d}"
1D58A,"\mathbfrak{e}"
1D58B,"\mathbfrak{f}"
1D58C,"\mathbfrak{g}"
1D58D,"\mathbfrak{h}"
1D58E,"\mathbfrak{i}"
1D58F,"\mathbfrak{j}"
1D590,"\mathbfrak{k}"
1D591,"\mathbfrak{l}"
1D592,"\mathbfrak{m}"
1D593,"\mathbfrak{n}"
1D594,"\mathbfrak{o}"
1D595,"\mathbfrak{p}"
1D596,"\mathbfrak{q}"
1D597,"\mathbfrak{r}"
1D598,"\mathbfrak{s}"
1D599,"\mathbfrak{t}"
1D59A,"\mathbfrak{u}"
1D59B,"\mathbfrak{v}"
1D59C,"\mathbfrak{w}"
1D59D,"\mathbfrak{x}"
1D59E,"\mathbfrak{y}"
1D59F,"\mathbfrak{z}"
1D5A0,"\mathsf{A}"
1D5A1,"\mathsf{B}"
1D5A2,"\mathsf{C}"
1D5A3,"\mathsf{D}"
1D5A4,"\mathsf{E}"
1D5A5,"\mathsf{F}"
1D5A6,"\mathsf{G}"
1D5A7,"\mathsf{H}"
1D5A8,"\mathsf{I}"
1D5A9,"\mathsf{J}"
1D5AA,"\mathsf{K}"
1D5AB,"\mathsf{L}"
1D5AC,"\mathsf{M}"
1D5AD,"\mathsf{N}"
1D5AE,"\mathsf{O}"
1D5AF,"\mathsf{P}"
1D5B0,"\mathsf{Q}"
1D5B1,"\mathsf{R}"
1D5B2,"\mathsf{S}"
1D5B3,"\mathsf{T}"
1D5B4,"\mathsf{U}"
1D5B5,"\mathsf{V}"
1D5B6,"\mathsf{W}"
1D5B7,"\mathsf{X}"
1D5B8,"\mathsf{Y}"
1D5B9,"\mathsf{Z}"
1D5BA,"\mathsf{a}"
1D5BB,"\mathsf{b}"
1D5BC,"\mathsf{c}"
1D5BD,"\mathsf{d}"
1D5BE,"\mathsf{e}"
1D5BF,"\mathsf{f}"
1D5C0,"\mathsf{g}"
1D5C1,"\mathsf{h}"
1D5C2,"\mathsf{i}"
1D5C3,"\mathsf{j}"
1D5C4,"\mathsf{k}"
1D5C5,"\mathsf{l}"
1D5C6,"\mathsf{m}"
1D5C7,"\mathsf{n}"
1D5C8,"\mathsf{o}"
1D5C9,"\mathsf{p}"
1D5CA,"\mathsf{q}"
1D5CB,"\mathsf{r}"
1D5CC,"\mathsf{s}"
1D5CD,"\mathsf{t}"
1D5CE,"\mathsf{u}"
1D5CF,"\mathsf{v}"
1D5D0,"\mathsf{w}"
1D5D1,"\mathsf{x}"
1D5D2,"\mathsf{y}"
1D5D3,"\mathsf{z}"
1D5D4,"\mathsfbf{A}"
1D5D5,"\mathsfbf{B}"
1D5D6,"\mathsfbf{C}"
1D5D7,"\mathsfbf{D}"
1D5D8,"\mathsfbf{E}"
1D5D9,"\mathsfbf{F}"
1D5DA,"\mathsfbf{G}"
1D5DB,"\mathsfbf{H}"
1D5DC,"\mathsfbf{I}"
1D5DD,"\mathsfbf{J}"
1D5DE,"\mathsfbf{K}"
1D5DF,"\mathsfbf{L}"
1D5E0,"\mathsfbf{M}"
1D5E1,"\mathsfbf{N}"
1D5E2,"\mathsfbf{O}"
1D5E3,"\mathsfbf{P}"
1D5E4,"\mathsfbf{Q}"
1D5E5,"\mathsfbf{R}"
1D5E6,"\mathsfbf{S}"
1D5E7,"\mathsfbf{T}"
1D5E8,"\mathsfbf{U}"
1D5E9,"\mathsfbf{V}"
1D5EA,"\mathsfbf{W}"
1D5EB,"\mathsfbf{X}"
1D5EC,"\mathsfbf{Y}"
1D5ED,"\mathsfbf{Z}"
1D5EE,"\mathsfbf{a}"
1D5EF,"\mathsfbf{b}"
1D5F0,"\mathsfbf{c}"
1D5F1,"\mathsfbf{d}"
1D5F2,"\mathsfbf{e}"
1D5F3,"\mathsfbf{f}"
1D5F4,"\mathsfbf{g}"
1D5F5,"\mathsfbf{h}"
1D5F6,"\mathsfbf{i}"
1D5F7,"\mathsfbf{j}"
1D5F8,"\mathsfbf{k}"
1D5F9,"\mathsfbf{l}"
1D5FA,"\mathsfbf{m}"
1D5FB,"\mathsfbf{n}"
1D5FC,"\mathsfbf{o}"
1D5FD,"\mathsfbf{p}"
1D5FE,"\mathsfbf{q}"
1D5FF,"\mathsfbf{r}"
1D600,"\mathsfbf{s}"
1D601,"\mathsfbf{t}"
1D602,"\mathsfbf{u}"
1D603,"\mathsfbf{v}"
1D604,"\mathsfbf{w}"
1D605,"\mathsfbf{x}"
1D606,"\mathsfbf{y}"
1D607,"\mathsfbf{z}"
1D608,"\mathsfsl{A}"
1D609,"\mathsfsl{B}"
1D60A,"\mathsfsl{C}"
1D60B,"\mathsfsl{D}"
1D60C,"\mathsfsl{E}"
1D60D,"\mathsfsl{F}"
1D60E,"\mathsfsl{G}"
1D60F,"\mathsfsl{H}"
1D610,"\mathsfsl{I}"
1D611,"\mathsfsl{J}"
1D612,"\mathsfsl{K}"
1D613,"\mathsfsl{L}"
1D614,"\mathsfsl{M}"
1D615,"\mathsfsl{N}"
1D616,"\mathsfsl{O}"
1D617,"\mathsfsl{P}"
1D618,"\mathsfsl{Q}"
1D619,"\mathsfsl{R}"
1D61A,"\mathsfsl{S}"
1D61B,"\mathsfsl{T}"
1D61C,"\mathsfsl{U}"
1D61D,"\mathsfsl{V}"
1D61E,"\mathsfsl{W}"
1D61F,"\mathsfsl{X}"
1D620,"\mathsfsl{Y}"
1D621,"\mathsfsl{Z}"
1D622,"\mathsfsl{a}"
1D623,"\mathsfsl{b}"
1D624,"\mathsfsl{c}"
1D625,"\mathsfsl{d}"
1D626,"\mathsfsl{e}"
1D627,"\mathsfsl{f}"
1D628,"\mathsfsl{g}"
1D629,"\mathsfsl{h}"
1D62A,"\mathsfsl{i}"
1D62B,"\mathsfsl{j}"
1D62C,"\mathsfsl{k}"
1D62D,"\mathsfsl{l}"
1D62E,"\mathsfsl{m}"
1D62F,"\mathsfsl{n}"
1D630,"\mathsfsl{o}"
1D631,"\mathsfsl{p}"
1D632,"\mathsfsl{q}"
1D633,"\mathsfsl{r}"
1D634,"\mathsfsl{s}"
1D635,"\mathsfsl{t}"
1D636,"\mathsfsl{u}"
1D637,"\mathsfsl{v}"
1D638,"\mathsfsl{w}"
1D639,"\mathsfsl{x}"
1D63A,"\mathsfsl{y}"
1D63B,"\mathsfsl{z}"
1D63C,"\mathsfbfsl{A}"
1D63D,"\mathsfbfsl{B}"
1D63E,"\mathsfbfsl{C}"
1D63F,"\mathsfbfsl{D}"
1D640,"\mathsfbfsl{E}"
1D641,"\mathsfbfsl{F}"
1D642,"\mathsfbfsl{G}"
1D643,"\mathsfbfsl{H}"
1D644,"\mathsfbfsl{I}"
1D645,"\mathsfbfsl{J}"
1D646,"\mathsfbfsl{K}"
1D647,"\mathsfbfsl{L}"
1D648,"\mathsfbfsl{M}"
1D649,"\mathsfbfsl{N}"
1D64A,"\mathsfbfsl{O}"
1D64B,"\mathsfbfsl{P}"
1D64C,"\mathsfbfsl{Q}"
1D64D,"\mathsfbfsl{R}"
1D64E,"\mathsfbfsl{S}"
1D64F,"\mathsfbfsl{T}"
1D650,"\mathsfbfsl{U}"
1D651,"\mathsfbfsl{V}"
1D652,"\mathsfbfsl{W}"
1D653,"\mathsfbfsl{X}"
1D654,"\mathsfbfsl{Y}"
1D655,"\mathsfbfsl{Z}"
1D656,"\mathsfbfsl{a}"
1D657,"\mathsfbfsl{b}"
1D658,"\mathsfbfsl{c}"
1D659,"\mathsfbfsl{d}"
1D65A,"\mathsfbfsl{e}"
1D65B,"\mathsfbfsl{f}"
1D65C,"\mathsfbfsl{g}"
1D65D,"\mathsfbfsl{h}"
1D65E,"\mathsfbfsl{i}"
1D65F,"\mathsfbfsl{j}"
1D660,"\mathsfbfsl{k}"
1D661,"\mathsfbfsl{l}"
1D662,"\mathsfbfsl{m}"
1D663,"\mathsfbfsl{n}"
1D664,"\mathsfbfsl{o}"
1D665,"\mathsfbfsl{p}"
1D666,"\mathsfbfsl{q}"
1D667,"\mathsfbfsl{r}"
1D668,"\mathsfbfsl{s}"
1D669,"\mathsfbfsl{t}"
1D66A,"\mathsfbfsl{u}"
1D66B,"\mathsfbfsl{v}"
1D66C,"\mathsfbfsl{w}"
1D66D,"\mathsfbfsl{x}"
1D66E,"\mathsfbfsl{y}"
1D66F,"\mathsfbfsl{z}"
1D670,"\mathtt{A}"
1D671,"\mathtt{B}"
1D672,"\mathtt{C}"
1D673,"\mathtt{D}"
1D674,"\mathtt{E}"
1D675,"\mathtt{F}"
1D676,"\mathtt{G}"
1D677,"\mathtt{H}"
1D678,"\mathtt{I}"
1D679,"\mathtt{J}"
1D67A,"\mathtt{K}"
1D67B,"\mathtt{L}"
1D67C,"\mathtt{M}"
1D67D,"\mathtt{N}"
1D67E,"\mathtt{O}"
1D67F,"\mathtt{P}"
1D680,"\mathtt{Q}"
1D681,"\mathtt{R}"
1D682,"\mathtt{S}"
1D683,"\mathtt{T}"
1D684,"\mathtt{U}"
1D685,"\mathtt{V}"
1D686,"\mathtt{W}"
1D687,"\mathtt{X}"
1D688,"\mathtt{Y}"
1D689,"\mathtt{Z}"
1D68A,"\mathtt{a}"
1D68B,"\mathtt{b}"
1D68C,"\mathtt{c}"
1D68D,"\mathtt{d}"
1D68E,"\mathtt{e}"
1D68F,"\mathtt{f}"
1D690,"\mathtt{g}"
1D691,"\mathtt{h}"
1D692,"\mathtt{i}"
1D693,"\mathtt{j}"
1D694,"\mathtt{k}"
1D695,"\mathtt{l}"
1D696,"\mathtt{m}"
1D697,"\mathtt{n}"
1D698,"\mathtt{o}"
1D699,"\mathtt{p}"
1D69A,"\mathtt{q}"
1D69B,"\mathtt{r}"
1D69C,"\mathtt{s}"
1D69D,"\mathtt{t}"
1D69E,"\mathtt{u}"
1D69F,"\mathtt{v}"
1D6A0,"\mathtt{w}"
1D6A1,"\mathtt{x}"
1D6A2,"\mathtt{y}"
1D6A3,"\mathtt{z}"
1D6A8,"\mathbf{\Alpha}"
1D6A9,"\mathbf{\Beta}"
1D6AA,"\mathbf{\Gamma}"
1D6AB,"\mathbf{\Delta}"
1D6AC,"\mathbf{\Epsilon}"
1D6AD,"\mathbf{\Zeta}"
1D6AE,"\mathbf{\Eta}"
1D6AF,"\mathbf{\Theta}"
1D6B0,"\mathbf{\Iota}"
1D6B1,"\mathbf{\Kappa}"
1D6B2,"\mathbf{\Lambda}"
1D6B3,"\mathbf{M}"
1D6B4,"N"
1D6B5,"\mathbf{\Xi}"
1D6B6,"O"
1D6B7,"\mathbf{\Pi}"
1D6B8,"\mathbf{\Rho}"
1D6B9,"\mathbf{\vartheta}"
1D6BA,"\mathbf{\Sigma}"
1D6BB,"\mathbf{\Tau}"
1D6BC,"\mathbf{\Upsilon}"
1D6BD,"\mathbf{\Phi}"
1D6BE,"\mathbf{\Chi}"
1D6BF,"\mathbf{\Psi}"
1D6C0,"\mathbf{\Omega}"
1D6C1,"\mathbf{\nabla}"
1D6C2,"\mathbf{\alpha}"
1D6C3,"\mathbf{\beta}"
1D6C4,"\mathbf{\gamma}"
1D6C5,"\mathbf{\delta}"
1D6C6,"\mathbf{\epsilon}"
1D6C7,"\mathbf{\zeta}"
1D6C8,"\mathbf{\eta}"
1D6C9,"\mathbf{\theta}"
1D6CA,"\mathbf{\iota}"
1D6CB,"\mathbf{\kappa}"
1D6CC,"\mathbf{\lambda}"
1D6CD,"\mathbf{\mu}"
1D6CE,"\mathbf{\nu}"
1D6CF,"\mathbf{\xi}"
1D6D0,"\mathbf{o}"
1D6D1,"\mathbf{\pi}"
1D6D2,"\mathbf{\rho}"
1D6D3,"\mathbf{\varsigma}"
1D6D4,"\mathbf{\sigma}"
1D6D5,"\mathbf{\tau}"
1D6D6,"\mathbf{\upsilon}"
1D6D7,"\mathbf{\phi}"
1D6D8,"\mathbf{\chi}"
1D6D9,"\mathbf{\psi}"
1D6DA,"\mathbf{\omega}"
1D6DB,"\partial"
1D6DC,"\mathbf{\varepsilon}"
1D6DD,"\mathbf{\vartheta}"
1D6DE,"\mathbf{\varkappa}"
1D6DF,"\mathbf{\phi}"
1D6E0,"\mathbf{\varrho}"
1D6E1,"\mathbf{\varpi}"
1D6E2,"\mathmit{\Alpha}"
1D6E3,"\mathmit{\Beta}"
1D6E4,"\mathmit{\Gamma}"
1D6E5,"\mathmit{\Delta}"
1D6E6,"\mathmit{\Epsilon}"
1D6E7,"\mathmit{\Zeta}"
1D6E8,"\mathmit{\Eta}"
1D6E9,"\mathmit{\Theta}"
1D6EA,"\mathmit{\Iota}"
1D6EB,"\mathmit{\Kappa}"
1D6EC,"\mathmit{\Lambda}"
1D6ED,"\mathmit{M}"
1D6EE,"N"
1D6EF,"\mathmit{\Xi}"
1D6F0,"O"
1D6F1,"\mathmit{\Pi}"
1D6F2,"\mathmit{\Rho}"
1D6F3,"\mathmit{\vartheta}"
1D6F4,"\mathmit{\Sigma}"
1D6F5,"\mathmit{\Tau}"
1D6F6,"\mathmit{\Upsilon}"
1D6F7,"\mathmit{\Phi}"
1D6F8,"\mathmit{\Chi}"
1D6F9,"\mathmit{\Psi}"
1D6FA,"\mathmit{\Omega}"
1D6FB,"\mathmit{\nabla}"
1D6FC,"\mathmit{\alpha}"
1D6FD,"\mathmit{\beta}"
1D6FE,"\mathmit{\gamma}"
1D6FF,"\mathmit{\delta}"
1D700,"\mathmit{\epsilon}"
1D701,"\mathmit{\zeta}"
1D702,"\mathmit{\eta}"
1D703,"\mathmit{\theta}"
1D704,"\mathmit{\iota}"
1D705,"\mathmit{\kappa}"
1D706,"\mathmit{\lambda}"
1D707,"\mathmit{\mu}"
1D708,"\mathmit{\nu}"
1D709,"\mathmit{\xi}"
1D70A,"\mathmit{o}"
1D70B,"\mathmit{\pi}"
1D70C,"\mathmit{\rho}"
1D70D,"\mathmit{\varsigma}"
1D70E,"\mathmit{\sigma}"
1D70F,"\mathmit{\tau}"
1D710,"\mathmit{\upsilon}"
1D711,"\mathmit{\phi}"
1D712,"\mathmit{\chi}"
1D713,"\mathmit{\psi}"
1D714,"\mathmit{\omega}"
1D715,"\partial"
1D716,"\in"
1D717,"\mathmit{\vartheta}"
1D718,"\mathmit{\varkappa}"
1D719,"\mathmit{\phi}"
1D71A,"\mathmit{\varrho}"
1D71B,"\mathmit{\varpi}"
1D71C,"\mathbit{\Alpha}"
1D71D,"\mathbit{\Beta}"
1D71E,"\mathbit{\Gamma}"
1D71F,"\mathbit{\Delta}"
1D720,"\mathbit{\Epsilon}"
1D721,"\mathbit{\Zeta}"
1D722,"\mathbit{\Eta}"
1D723,"\mathbit{\Theta}"
1D724,"\mathbit{\Iota}"
1D725,"\mathbit{\Kappa}"
1D726,"\mathbit{\Lambda}"
1D727,"\mathbit{M}"
1D728,"\mathbit{N}"
1D729,"\mathbit{\Xi}"
1D72A,"O"
1D72B,"\mathbit{\Pi}"
1D72C,"\mathbit{\Rho}"
1D72D,"\mathbit{O}"
1D72E,"\mathbit{\Sigma}"
1D72F,"\mathbit{\Tau}"
1D730,"\mathbit{\Upsilon}"
1D731,"\mathbit{\Phi}"
1D732,"\mathbit{\Chi}"
1D733,"\mathbit{\Psi}"
1D734,"\mathbit{\Omega}"
1D735,"\mathbit{\nabla}"
1D736,"\mathbit{\alpha}"
1D737,"\mathbit{\beta}"
1D738,"\mathbit{\gamma}"
1D739,"\mathbit{\delta}"
1D73A,"\mathbit{\epsilon}"
1D73B,"\mathbit{\zeta}"
1D73C,"\mathbit{\eta}"
1D73D,"\mathbit{\theta}"
1D73E,"\mathbit{\iota}"
1D73F,"\mathbit{\kappa}"
1D740,"\mathbit{\lambda}"
1D741,"\mathbit{\mu}"
1D742,"\mathbit{\nu}"
1D743,"\mathbit{\xi}"
1D744,"\mathbit{o}"
1D745,"\mathbit{\pi}"
1D746,"\mathbit{\rho}"
1D747,"\mathbit{\varsigma}"
1D748,"\mathbit{\sigma}"
1D749,"\mathbit{\tau}"
1D74A,"\mathbit{\upsilon}"
1D74B,"\mathbit{\phi}"
1D74C,"\mathbit{\chi}"
1D74D,"\mathbit{\psi}"
1D74E,"\mathbit{\omega}"
1D74F,"\partial"
1D750,"\in"
1D751,"\mathbit{\vartheta}"
1D752,"\mathbit{\varkappa}"
1D753,"\mathbit{\phi}"
1D754,"\mathbit{\varrho}"
1D755,"\mathbit{\varpi}"
1D756,"\mathsfbf{\Alpha}"
1D757,"\mathsfbf{\Beta}"
1D758,"\mathsfbf{\Gamma}"
1D759,"\mathsfbf{\Delta}"
1D75A,"\mathsfbf{\Epsilon}"
1D75B,"\mathsfbf{\Zeta}"
1D75C,"\mathsfbf{\Eta}"
1D75D,"\mathsfbf{\Theta}"
1D75E,"\mathsfbf{\Iota}"
1D75F,"\mathsfbf{\Kappa}"
1D760,"\mathsfbf{\Lambda}"
1D761,"\mathsfbf{M}"
1D762,"\mathsfbf{N}"
1D763,"\mathsfbf{\Xi}"
1D764,"O"
1D765,"\mathsfbf{\Pi}"
1D766,"\mathsfbf{\Rho}"
1D767,"\mathsfbf{\vartheta}"
1D768,"\mathsfbf{\Sigma}"
1D769,"\mathsfbf{\Tau}"
1D76A,"\mathsfbf{\Upsilon}"
1D76B,"\mathsfbf{\Phi}"
1D76C,"\mathsfbf{\Chi}"
1D76D,"\mathsfbf{\Psi}"
1D76E,"\mathsfbf{\Omega}"
1D76F,"\mathsfbf{\nabla}"
1D770,"\mathsfbf{\alpha}"
1D771,"\mathsfbf{\beta}"
1D772,"\mathsfbf{\gamma}"
1D773,"\mathsfbf{\delta}"
1D774,"\mathsfbf{\epsilon}"
1D775,"\mathsfbf{\zeta}"
1D776,"\mathsfbf{\eta}"
1D777,"\mathsfbf{\theta}"
1D778,"\mathsfbf{\iota}"
1D779,"\mathsfbf{\kappa}"
1D77A,"\mathsfbf{\lambda}"
1D77B,"\mathsfbf{\mu}"
1D77C,"\mathsfbf{\nu}"
1D77D,"\mathsfbf{\xi}"
1D77E,"\mathsfbf{o}"
1D77F,"\mathsfbf{\pi}"
1D780,"\mathsfbf{\rho}"
1D781,"\mathsfbf{\varsigma}"
1D782,"\mathsfbf{\sigma}"
1D783,"\mathsfbf{\tau}"
1D784,"\mathsfbf{\upsilon}"
1D785,"\mathsfbf{\phi}"
1D786,"\mathsfbf{\chi}"
1D787,"\mathsfbf{\psi}"
1D788,"\mathsfbf{\omega}"
1D789,"\partial"
1D78A,"\mathsfbf{\varepsilon}"
1D78B,"\mathsfbf{\vartheta}"
1D78C,"\mathsfbf{\varkappa}"
1D78D,"\mathsfbf{\phi}"
1D78E,"\mathsfbf{\varrho}"
1D78F,"\mathsfbf{\varpi}"
1D790,"\mathsfbfsl{\Alpha}"
1D791,"\mathsfbfsl{\Beta}"
1D792,"\mathsfbfsl{\Gamma}"
1D793,"\mathsfbfsl{\Delta}"
1D794,"\mathsfbfsl{\Epsilon}"
1D795,"\mathsfbfsl{\Zeta}"
1D796,"\mathsfbfsl{\Eta}"
1D797,"\mathsfbfsl{\vartheta}"
1D798,"\mathsfbfsl{\Iota}"
1D799,"\mathsfbfsl{\Kappa}"
1D79A,"\mathsfbfsl{\Lambda}"
1D79B,"\mathsfbfsl{M}"
1D79C,"\mathsfbfsl{N}"
1D79D,"\mathsfbfsl{\Xi}"
1D79E,"O"
1D79F,"\mathsfbfsl{\Pi}"
1D7A0,"\mathsfbfsl{\Rho}"
1D7A1,"\mathsfbfsl{\vartheta}"
1D7A2,"\mathsfbfsl{\Sigma}"
1D7A3,"\mathsfbfsl{\Tau}"
1D7A4,"\mathsfbfsl{\Upsilon}"
1D7A5,"\mathsfbfsl{\Phi}"
1D7A6,"\mathsfbfsl{\Chi}"
1D7A7,"\mathsfbfsl{\Psi}"
1D7A8,"\mathsfbfsl{\Omega}"
1D7A9,"\mathsfbfsl{\nabla}"
1D7AA,"\mathsfbfsl{\alpha}"
1D7AB,"\mathsfbfsl{\beta}"
1D7AC,"\mathsfbfsl{\gamma}"
1D7AD,"\mathsfbfsl{\delta}"
1D7AE,"\mathsfbfsl{\epsilon}"
1D7AF,"\mathsfbfsl{\zeta}"
1D7B0,"\mathsfbfsl{\eta}"
1D7B1,"\mathsfbfsl{\vartheta}"
1D7B2,"\mathsfbfsl{\iota}"
1D7B3,"\mathsfbfsl{\kappa}"
1D7B4,"\mathsfbfsl{\lambda}"
1D7B5,"\mathsfbfsl{\mu}"
1D7B6,"\mathsfbfsl{\nu}"
1D7B7,"\mathsfbfsl{\xi}"
1D7B8,"\mathsfbfsl{o}"
1D7B9,"\mathsfbfsl{\pi}"
1D7BA,"\mathsfbfsl{\rho}"
1D7BB,"\mathsfbfsl{\varsigma}"
1D7BC,"\mathsfbfsl{\sigma}"
1D7BD,"\mathsfbfsl{\tau}"
1D7BE,"\mathsfbfsl{\upsilon}"
1D7BF,"\mathsfbfsl{\phi}"
1D7C0,"\mathsfbfsl{\chi}"
1D7C1,"\mathsfbfsl{\psi}"
1D7C2,"\mathsfbfsl{\omega}"
1D7C3,"\partial"
1D7C4,"\in"
1D7C5,"\mathsfbfsl{\vartheta}"
1D7C6,"\mathsfbfsl{\varkappa}"
1D7C7,"\mathsfbfsl{\phi}"
1D7C8,"\mathsfbfsl{\varrho}"
1D7C9,"\mathsfbfsl{\varpi}"
1D7CE,"\mathbf{0}"
1D7CF,"\mathbf{1}"
1D7D0,"\mathbf{2}"
1D7D1,"\mathbf{3}"
1D7D2,"\mathbf{4}"
1D7D3,"\mathbf{5}"
1D7D4,"\mathbf{6}"
1D7D5,"\mathbf{7}"
1D7D6,"\mathbf{8}"
1D7D7,"\mathbf{9}"
1D7D8,"\mathbb{0}"
1D7D9,"\mathbb{1}"
1D7DA,"\mathbb{2}"
1D7DB,"\mathbb{3}"
1D7DC,"\mathbb{4}"
1D7DD,"\mathbb{5}"
1D7DE,"\mathbb{6}"
1D7DF,"\mathbb{7}"
1D7E0,"\mathbb{8}"
1D7E1,"\mathbb{9}"
1D7E2,"\mathsf{0}"
1D7E3,"\mathsf{1}"
1D7E4,"\mathsf{2}"
1D7E5,"\mathsf{3}"
1D7E6,"\mathsf{4}"
1D7E7,"\mathsf{5}"
1D7E8,"\mathsf{6}"
1D7E9,"\mathsf{7}"
1D7EA,"\mathsf{8}"
1D7EB,"\mathsf{9}"
1D7EC,"\mathsfbf{0}"
1D7ED,"\mathsfbf{1}"
1D7EE,"\mathsfbf{2}"
1D7EF,"\mathsfbf{3}"
1D7F0,"\mathsfbf{4}"
1D7F1,"\mathsfbf{5}"
1D7F2,"\mathsfbf{6}"
1D7F3,"\mathsfbf{7}"
1D7F4,"\mathsfbf{8}"
1D7F5,"\mathsfbf{9}"
1D7F6,"\mathtt{0}"
1D7F7,"\mathtt{1}"
1D7F8,"\mathtt{2}"
1D7F9,"\mathtt{3}"
1D7FA,"\mathtt{4}"
1D7FB,"\mathtt{5}"
1D7FC,"\mathtt{6}"
1D7FD,"\mathtt{7}"
1D7FE,"\mathtt{8}"
1D7FF,"\mathtt{9}"
